I_D_NMOS (VDD=0.9,CL=1e-14,Wn=2e-07,k=2) X,I_D_NMOS (VDD=0.9,CL=1e-14,Wn=2e-07,k=2) Y,I_D_NMOS (VDD=1,CL=1e-14,Wn=2e-07,k=2) X,I_D_NMOS (VDD=1,CL=1e-14,Wn=2e-07,k=2) Y,I_D_NMOS (VDD=1.1,CL=1e-14,Wn=2e-07,k=2) X,I_D_NMOS (VDD=1.1,CL=1e-14,Wn=2e-07,k=2) Y,I_D_NMOS (VDD=1.2,CL=1e-14,Wn=2e-07,k=2) X,I_D_NMOS (VDD=1.2,CL=1e-14,Wn=2e-07,k=2) Y,I_D_NMOS (VDD=1.3,CL=1e-14,Wn=2e-07,k=2) X,I_D_NMOS (VDD=1.3,CL=1e-14,Wn=2e-07,k=2) Y
-20,0.0001453025404609016,-20,0.0001497151198995687,-20,0.0001537095477510159,-20,0.0001572664907414405,-20,0.0001605970424007884
-4.444444,0.0001354285738185307,-4.444444,0.0001402041787805593,-4.444444,0.0001437881506849348,-4.444444,0.0001474378489780059,-4.444444,0.0001508807904840039
11.11111,0.000126584268701119,11.11111,0.0001308035137944821,11.11111,0.0001349478107076536,11.11111,0.000138391201242654,11.11111,0.0001417414990673313
26.66667,0.000118095650477621,26.66667,0.0001225942440965725,26.66667,0.0001264933742142537,26.66667,0.0001295788793375954,26.66667,0.0001327288485475997
42.22222,0.000110828070038946,42.22222,0.0001149757939282501,42.22222,0.0001183754384405233,42.22222,0.000121639397663613,42.22222,0.0001246206467423476
57.77778,0.0001034966344191326,57.77778,0.000107519715839749,57.77778,0.0001111772701264729,57.77778,0.0001144098273285745,57.77778,0.0001172913076890773
73.33333,9.691945336419071e-05,73.33333,0.0001009865604204556,73.33333,0.0001046350752316638,73.33333,0.0001073501104215963,73.33333,0.0001106126489545918
88.88889,9.110677299369095e-05,88.88889,9.508761218978033e-05,88.88889,9.817777240746429e-05,88.88889,0.000100681505455041,88.88889,0.0001035460844768429
104.4444,8.567551321145465e-05,104.4444,8.905514191796137e-05,104.4444,9.196880584314698e-05,104.4444,9.475738257955826e-05,104.4444,9.730834740884727e-05
120,8.005995380185438e-05,120,8.344677066277798e-05,120,8.653076419204036e-05,120,8.938754722709005e-05,120,9.175167986616122e-05
