I_D_NMOS_A/B (VDD=0.9,CL=2e-14,Wn=2e-07,k=2.8) X,I_D_NMOS_A/B (VDD=0.9,CL=2e-14,Wn=2e-07,k=2.8) Y,I_D_NMOS_A/B (VDD=1,CL=2e-14,Wn=2e-07,k=2.8) X,I_D_NMOS_A/B (VDD=1,CL=2e-14,Wn=2e-07,k=2.8) Y,I_D_NMOS_A/B (VDD=1.1,CL=2e-14,Wn=2e-07,k=2.8) X,I_D_NMOS_A/B (VDD=1.1,CL=2e-14,Wn=2e-07,k=2.8) Y,I_D_NMOS_A/B (VDD=1.2,CL=2e-14,Wn=2e-07,k=2.8) X,I_D_NMOS_A/B (VDD=1.2,CL=2e-14,Wn=2e-07,k=2.8) Y,I_D_NMOS_A/B (VDD=1.3,CL=2e-14,Wn=2e-07,k=2.8) X,I_D_NMOS_A/B (VDD=1.3,CL=2e-14,Wn=2e-07,k=2.8) Y
-20,0.000176489653651036,-20,0.0002171162695014108,-20,0.0002582122978860208,-20,0.0002995145267120086,-20,0.0003408240773945685
-4.444444,0.0001641432963300792,-4.444444,0.0002020370214880391,-4.444444,0.0002408491745286043,-4.444444,0.00027958119635622,-4.444444,0.0003185389655495784
11.11111,0.0001529483277949523,11.11111,0.0001884116086309147,11.11111,0.0002248371487767037,11.11111,0.0002613126830896507,11.11111,0.0002982684536573125
26.66667,0.0001426068941450443,26.66667,0.0001760029493454222,26.66667,0.0002099579869744154,26.66667,0.0002445600439648371,26.66667,0.0002793772296305521
42.22222,0.0001331466924924753,42.22222,0.0001644461895768787,42.22222,0.0001964750514499471,42.22222,0.0002290374669227048,42.22222,0.0002617946893570091
57.77778,0.0001244775682351013,57.77778,0.00015385073731028,57.77778,0.0001840079378541148,57.77778,0.0002146375970875532,57.77778,0.0002455993308008757
73.33333,0.0001164623524301012,73.33333,0.0001441901878987788,73.33333,0.0001725137264185499,73.33333,0.0002014301925698334,73.33333,0.00023062396402645
88.88889,0.0001091164817087204,88.88889,0.0001351945982729169,88.88889,0.0001619331684257305,88.88889,0.0001892417764295482,88.88889,0.0002167913596918816
104.4444,0.0001022490810718089,104.4444,0.0001268915192196514,104.4444,0.0001521057368412946,104.4444,0.0001777341927602603,104.4444,0.0002039817958555415
120,9.593480152783252e-05,120,0.0001191687662035848,120,0.000142997084010733,120,0.0001672565934702037,120,0.0001920150342602468
