I_D_PMOS_A/B (VDD=0.9,CL=2e-14,Wn=2e-07,k=2.8) X,I_D_PMOS_A/B (VDD=0.9,CL=2e-14,Wn=2e-07,k=2.8) Y,I_D_PMOS_A/B (VDD=1,CL=2e-14,Wn=2e-07,k=2.8) X,I_D_PMOS_A/B (VDD=1,CL=2e-14,Wn=2e-07,k=2.8) Y,I_D_PMOS_A/B (VDD=1.1,CL=2e-14,Wn=2e-07,k=2.8) X,I_D_PMOS_A/B (VDD=1.1,CL=2e-14,Wn=2e-07,k=2.8) Y,I_D_PMOS_A/B (VDD=1.2,CL=2e-14,Wn=2e-07,k=2.8) X,I_D_PMOS_A/B (VDD=1.2,CL=2e-14,Wn=2e-07,k=2.8) Y,I_D_PMOS_A/B (VDD=1.3,CL=2e-14,Wn=2e-07,k=2.8) X,I_D_PMOS_A/B (VDD=1.3,CL=2e-14,Wn=2e-07,k=2.8) Y
-20,0.0001821956641369245,-20,0.0002220408768025382,-20,0.0002622302753071543,-20,0.0003059751788688875,-20,0.0003412143338374555
-4.444444,0.0001766024321410365,-4.444444,0.0002154009462325817,-4.444444,0.0002545914006030767,-4.444444,0.0002934490337049976,-4.444444,0.0003319535668776556
11.11111,0.0001715148250105508,11.11111,0.0002093138403389509,11.11111,0.0002473122031907465,11.11111,0.0002855948284332706,11.11111,0.0003237916105146561
26.66667,0.0001668628104560244,26.66667,0.0002038220223143257,26.66667,0.0002410363516051888,26.66667,0.0002782660908173875,26.66667,0.0003160756647147033
42.22222,0.0001624118391089554,42.22222,0.0001989269083650485,42.22222,0.0002355156163096711,42.22222,0.0002721512774985597,42.22222,0.0003092234251380228
57.77778,0.0001586701963447499,57.77778,0.0001941376986377201,57.77778,0.0002302953714511596,57.77778,0.0002667388705635573,57.77778,0.00030292626524366
73.33333,0.0001549315771345162,73.33333,0.0001901049123258538,73.33333,0.0002256661130967711,73.33333,0.0002604001612236897,73.33333,0.0002980198670333025
88.88889,0.0001519319570539205,88.88889,0.0001856595302846575,88.88889,0.0002249798514497404,88.88889,0.000256096190897508,88.88889,0.0002932207857707325
104.4444,0.0001487835688924843,104.4444,0.0001822972083438012,104.4444,0.0002174225960468884,104.4444,0.0002527336412832944,104.4444,0.0002879500867107501
120,0.0001461378674444023,120,0.000178793595951769,120,0.0002137306855970627,120,0.000249074248953896,120,0.0002845108604865507
