TpHL_B (VDD=0.9,CL=2e-14,Wn=2e-07,k=2.8) X,TpHL_B (VDD=0.9,CL=2e-14,Wn=2e-07,k=2.8) Y,TpHL_B (VDD=1,CL=2e-14,Wn=2e-07,k=2.8) X,TpHL_B (VDD=1,CL=2e-14,Wn=2e-07,k=2.8) Y,TpHL_B (VDD=1.1,CL=2e-14,Wn=2e-07,k=2.8) X,TpHL_B (VDD=1.1,CL=2e-14,Wn=2e-07,k=2.8) Y,TpHL_B (VDD=1.2,CL=2e-14,Wn=2e-07,k=2.8) X,TpHL_B (VDD=1.2,CL=2e-14,Wn=2e-07,k=2.8) Y,TpHL_B (VDD=1.3,CL=2e-14,Wn=2e-07,k=2.8) X,TpHL_B (VDD=1.3,CL=2e-14,Wn=2e-07,k=2.8) Y
-20,7.054101140308381e-11,-20,6.271050300702056e-11,-20,5.77544245121449e-11,-20,5.40739310072164e-11,-20,5.067197435710613e-11
-4.444444,7.26431974246944e-11,-4.444444,6.471489557918056e-11,-4.444444,5.952502672388055e-11,-4.444444,5.514335210575173e-11,-4.444444,5.202740872291391e-11
11.11111,7.455935124111006e-11,11.11111,6.642289715874498e-11,11.11111,6.041961717109323e-11,11.11111,5.627986001720487e-11,11.11111,5.350652194006399e-11
26.66667,7.663146736119966e-11,26.66667,6.813138120786753e-11,26.66667,6.198558979396721e-11,26.66667,5.716857376993164e-11,26.66667,5.449144624842359e-11
42.22222,7.746637029208895e-11,42.22222,7.023030198862219e-11,42.22222,6.383941583965826e-11,42.22222,5.876766601761831e-11,42.22222,5.564686781681334e-11
57.77778,7.987635939452928e-11,57.77778,7.105038536006018e-11,57.77778,6.522894736451186e-11,57.77778,6.059619349093396e-11,57.77778,5.632902816372767e-11
73.33333,8.095579018733176e-11,73.33333,7.321202067497886e-11,73.33333,6.676681058768021e-11,73.33333,5.990897208719322e-11,73.33333,5.821875904515284e-11
88.88889,8.412659462390996e-11,88.88889,7.295179234398641e-11,88.88889,6.890684889778323e-11,88.88889,6.151201216319537e-11,88.88889,5.946802497157124e-11
104.4444,8.505523324150675e-11,104.4444,7.50272258490114e-11,104.4444,6.926875332167209e-11,104.4444,6.405087774420712e-11,104.4444,5.911728304561654e-11
120,8.750915084351451e-11,120,7.577900515152784e-11,120,7.025095321109005e-11,120,6.501967192718465e-11,120,6.07183941087511e-11
