TpHL_A (VDD=0.9,CL=1.5e-14,Wn=2e-07,k=2) X,TpHL_A (VDD=0.9,CL=1.5e-14,Wn=2e-07,k=2) Y,TpHL_A (VDD=1,CL=1.5e-14,Wn=2e-07,k=2) X,TpHL_A (VDD=1,CL=1.5e-14,Wn=2e-07,k=2) Y,TpHL_A (VDD=1.1,CL=1.5e-14,Wn=2e-07,k=2) X,TpHL_A (VDD=1.1,CL=1.5e-14,Wn=2e-07,k=2) Y,TpHL_A (VDD=1.2,CL=1.5e-14,Wn=2e-07,k=2) X,TpHL_A (VDD=1.2,CL=1.5e-14,Wn=2e-07,k=2) Y,TpHL_A (VDD=1.3,CL=1.5e-14,Wn=2e-07,k=2) X,TpHL_A (VDD=1.3,CL=1.5e-14,Wn=2e-07,k=2) Y
-20,7.314016104198361e-11,-20,6.312917857056783e-11,-20,5.95031432673816e-11,-20,5.537741584165589e-11,-20,5.061325569669351e-11
-4.444444,7.526445268538207e-11,-4.444444,6.486390154146485e-11,-4.444444,6.156726885918296e-11,-4.444444,5.700928247655569e-11,-4.444444,5.216722577702884e-11
11.11111,7.724735426093462e-11,11.11111,6.689461367099698e-11,11.11111,6.315067246984139e-11,11.11111,5.855660861639799e-11,11.11111,5.509643138883952e-11
26.66667,7.898819438000071e-11,26.66667,7.083906888942558e-11,26.66667,6.496769941052186e-11,26.66667,5.979355010713783e-11,26.66667,5.486657215821726e-11
42.22222,8.103431879744306e-11,42.22222,7.283244656532317e-11,42.22222,6.625940320188913e-11,42.22222,6.136023481792493e-11,42.22222,5.823610854563144e-11
57.77778,8.286264232066186e-11,57.77778,7.424710448207208e-11,57.77778,6.550672806429793e-11,57.77778,6.307483392203105e-11,57.77778,5.880663011890205e-11
73.33333,8.457900883508327e-11,73.33333,7.56111315212726e-11,73.33333,6.965625853678887e-11,73.33333,6.388273405808021e-11,73.33333,6.013256026395179e-11
88.88889,8.635646074866799e-11,88.88889,7.733767627641842e-11,88.88889,7.114690307224801e-11,88.88889,6.353790937616475e-11,88.88889,6.143875031444585e-11
104.4444,8.835843788815493e-11,104.4444,7.861823787132711e-11,104.4444,7.013444436044866e-11,104.4444,6.724016206047646e-11,104.4444,6.164836867646808e-11
120,9.030116089459933e-11,120,7.99830767449066e-11,120,7.330703127858283e-11,120,6.641793176917797e-11,120,6.129703141088184e-11
