gate,pin,sweep_type,VDD,CL,Wn,k,Temp,I_D_NMOS,I_D_PMOS,TpHL,TpLH,Tp,R_eq,source
NAND,A,CL,1.0,1e-15,2e-07,2.0,27.0,0.0001184910942830848,6.677905548048848e-05,1.739137307327436e-11,2.219428630545754e-11,1.979282968936595e-11,28685.26041937094,single_sweep_CL_A
NAND,A,CL,1.0,1.325e-14,2e-07,2.0,27.0,0.0001582467772553494,0.0001263698946609888,6.632401110437805e-11,1.048246820439784e-10,8.557434657417823e-11,9360.059783886052,single_sweep_CL_A
NAND,A,CL,1.0,2.55e-14,2e-07,2.0,27.0,0.000161204371373592,0.0001309659240781049,1.15080693916074e-10,1.876754380286089e-10,1.5137806597234146e-10,8603.470643497669,single_sweep_CL_A
NAND,A,CL,1.0,3.775e-14,2e-07,2.0,27.0,0.0001620341945918255,0.0001324929806797609,1.640091250342013e-10,2.691251591112662e-10,2.1656714207273376e-10,8314.315848842836,single_sweep_CL_A
NAND,A,CL,1.0,5e-14,2e-07,2.0,27.0,0.0001624623594715888,0.0001336362520984037,2.170363410944234e-10,3.54472958045315e-10,2.857546495698692e-10,8282.74346579331,single_sweep_CL_A
NAND,B,CL,1.0,1e-15,2e-07,2.0,27.0,0.0001212669627717036,0.0001146258332570489,1.968981278403987e-11,2.341521379094463e-11,2.155251328749225e-11,31235.526503611956,single_sweep_CL_B
NAND,B,CL,1.0,1.325e-14,2e-07,2.0,27.0,0.0001570129622580469,0.000139694339548435,6.86153503874062e-11,1.069689834720556e-10,8.77921669297309e-11,9602.643361195614,single_sweep_CL_B
NAND,B,CL,1.0,2.55e-14,2e-07,2.0,27.0,0.0001595319951010632,0.0001412328517083584,1.168592230629404e-10,1.881977388369887e-10,1.5252848094996455e-10,8668.853705596168,single_sweep_CL_B
NAND,B,CL,1.0,3.775e-14,2e-07,2.0,27.0,0.000160462585805826,0.0001418716375735711,1.665185885949523e-10,2.743755097943994e-10,2.2044704919467584e-10,8463.270916390282,single_sweep_CL_B
NAND,B,CL,1.0,5e-14,2e-07,2.0,27.0,0.0001609421387361112,0.000142197880386302,2.163132455338003e-10,3.522151133887205e-10,2.842641794612604e-10,8239.541433659722,single_sweep_CL_B
NAND,A,VDD,0.9,1.5e-14,2e-07,2.0,27.0,0.0001287608472166768,0.0001037783975475773,8.184757472788998e-11,1.295936520464346e-10,1.0572061338716228e-10,10214.552018083314,single_sweep_VDD_A
NAND,A,VDD,1.0,1.5e-14,2e-07,2.0,27.0,0.0001587842277082643,0.0001275002338674972,7.346938177401237e-11,1.159097664846845e-10,9.468957412934844e-11,9148.751123608547,single_sweep_VDD_A
NAND,A,VDD,1.1,1.5e-14,2e-07,2.0,27.0,0.0001895247773542467,0.0001515252486543252,6.614879435509436e-11,1.067561797890269e-10,8.645248707206063e-11,8352.897301648372,single_sweep_VDD_A
NAND,A,VDD,1.2,1.5e-14,2e-07,2.0,27.0,0.0002207145075318424,0.0001758240222221508,6.228465654352447e-11,9.94144584591236e-11,8.084955750132404e-11,7811.55144940329,single_sweep_VDD_A
NAND,A,VDD,1.3,1.5e-14,2e-07,2.0,27.0,0.0002531803031064309,0.0001998276316333244,5.709263081172825e-11,9.354771163019875e-11,7.53201712209635e-11,7277.3112290786,single_sweep_VDD_A
NAND,B,VDD,0.9,1.5e-14,2e-07,2.0,27.0,0.0001277013908611584,0.0001144100171829618,8.426026862817063e-11,1.342265954045497e-10,1.0924343201636017e-10,10554.920967764268,single_sweep_VDD_B
NAND,B,VDD,1.0,1.5e-14,2e-07,2.0,27.0,0.0001576288611013799,0.0001399831216651075,7.48161136061218e-11,1.188517699820436e-10,9.68339417940827e-11,9355.936405225382,single_sweep_VDD_B
NAND,B,VDD,1.1,1.5e-14,2e-07,2.0,27.0,0.0001882718240041291,0.0001655759778181956,6.735222744360575e-11,1.082897463060531e-10,8.782098687482942e-11,8485.119504814438,single_sweep_VDD_B
NAND,B,VDD,1.2,1.5e-14,2e-07,2.0,27.0,0.0002194305716372048,0.0001919172927470192,6.323132910542808e-11,1.008952184748383e-10,8.206327379013319e-11,7928.818723684368,single_sweep_VDD_B
NAND,B,VDD,1.3,1.5e-14,2e-07,2.0,27.0,0.0002507068881093644,0.0002182836337613681,5.984194478671432e-11,9.475322813538975e-11,7.729758646105204e-11,7468.365841647541,single_sweep_VDD_B
NAND,A,Wn,1.0,1.5e-14,1e-07,2.0,27.0,8.209057462502358e-05,6.45694538534009e-05,1.375094913365488e-10,2.151745566606386e-10,1.763420239985937e-10,17037.876714839975,single_sweep_Wn_A
NAND,A,Wn,1.0,1.5e-14,2e-07,2.0,27.0,0.0001587842277082643,0.0001275002338676825,7.346938177382212e-11,1.159097664846837e-10,9.46895741292529e-11,9148.751123599315,single_sweep_Wn_A
NAND,A,Wn,1.0,1.5e-14,3e-07,2.0,27.0,0.0002354866585542791,0.0001865980876843651,5.28808284940781e-11,8.237386229381384e-11,6.762734539394597e-11,6534.043033231496,single_sweep_Wn_A
NAND,A,Wn,1.0,1.5e-14,4e-07,2.0,27.0,0.000308865696301643,0.0002419919787559277,4.184677039057576e-11,6.632270000800904e-11,5.40847351992924e-11,5225.578280124871,single_sweep_Wn_A
NAND,A,Wn,1.0,1.5e-14,5e-07,2.0,27.0,0.0003815979029347391,0.0002962842459477087,3.80651931431932e-11,5.586013881189945e-11,4.6962665977546324e-11,4537.455650004476,single_sweep_Wn_A
NAND,B,Wn,1.0,1.5e-14,1e-07,2.0,27.0,8.06657267682952e-05,6.958791132725613e-05,1.389304740749815e-10,2.197398776208513e-10,1.793351758479164e-10,17327.070130233475,single_sweep_Wn_B
NAND,B,Wn,1.0,1.5e-14,2e-07,2.0,27.0,0.0001576288611013799,0.0001399831216651075,7.48161136061218e-11,1.188517699820436e-10,9.68339417940827e-11,9355.936405225382,single_sweep_Wn_B
NAND,B,Wn,1.0,1.5e-14,3e-07,2.0,27.0,0.0002332648853687486,0.0002094672130818345,5.583858315831203e-11,8.478870961111542e-11,7.031364638471373e-11,6793.589022677656,single_sweep_Wn_B
NAND,B,Wn,1.0,1.5e-14,4e-07,2.0,27.0,0.0003069021995235245,0.0002774443575530834,4.564303927245221e-11,6.781354732730157e-11,5.6728293299876893e-11,5480.994521727237,single_sweep_Wn_B
NAND,B,Wn,1.0,1.5e-14,5e-07,2.0,27.0,0.0003783419267005293,0.0003519552790661268,3.963916022342527e-11,5.741748234933846e-11,4.8528321286381864e-11,4688.726694336413,single_sweep_Wn_B
NAND,A,k,1.0,1.5e-14,2e-07,2.0,27.0,0.0001587842277082653,0.0001275002338676145,7.346938177329107e-11,1.159097664846762e-10,9.468957412898363e-11,9148.751123573298,single_sweep_k_A
NAND,A,k,1.0,1.5e-14,2e-07,2.5,27.0,0.0001590248312372108,0.0001571612146578523,6.046430783372728e-11,1.177089001317364e-10,8.908660398273185e-11,8607.401350988586,single_sweep_k_A
NAND,A,k,1.0,1.5e-14,2e-07,3.0,27.0,0.0001592503903326925,0.0001857876719154109,5.213950669314933e-11,1.194666690199184e-10,8.580308785653386e-11,8290.15341609023,single_sweep_k_A
NAND,A,k,1.0,1.5e-14,2e-07,3.5,27.0,0.0001594655372815687,0.0002135673352468885,4.614974430123989e-11,1.211905296133598e-10,8.367013695729985e-11,8084.071203603852,single_sweep_k_A
NAND,A,k,1.0,1.5e-14,2e-07,4.0,27.0,0.000159955312303204,0.0002402319788705795,4.182214910220466e-11,1.230504845860961e-10,8.243631684415039e-11,7964.861530835788,single_sweep_k_A
NAND,B,k,1.0,1.5e-14,2e-07,2.0,27.0,0.0001576288611013738,0.0001399831216651088,7.481611360610194e-11,1.188517699821152e-10,9.683394179410857e-11,9355.936405227883,single_sweep_k_B
NAND,B,k,1.0,1.5e-14,2e-07,2.5,27.0,0.0001578475311908135,0.0001745808815282754,6.257965494441865e-11,1.20714658024891e-10,9.164715648465483e-11,8854.797727985975,single_sweep_k_B
NAND,B,k,1.0,1.5e-14,2e-07,3.0,27.0,0.0001580506987464737,0.0002091689801555622,5.476955498575635e-11,1.225247158048932e-10,8.864713539532478e-11,8564.940617905777,single_sweep_k_B
NAND,B,k,1.0,1.5e-14,2e-07,3.5,27.0,0.0001582458566761048,0.0002430400281382359,4.86753012963029e-11,1.242950174491055e-10,8.64851593727042e-11,8356.054045671905,single_sweep_k_B
NAND,B,k,1.0,1.5e-14,2e-07,4.0,27.0,0.0001584313437979938,0.000276559303088299,4.407233936428969e-11,1.259949201385365e-10,8.50336297514131e-11,8215.809637817692,single_sweep_k_B
NAND,A,Temp,1.0,1.5e-14,2e-07,2.0,-20.0,0.0002162691372529314,0.0001443634144237333,6.312917857048015e-11,8.519772086209203e-11,7.416344971628609e-11,7165.550697225711,single_sweep_Temp_A
NAND,A,Temp,1.0,1.5e-14,2e-07,2.0,-4.444444,0.0002015204885256387,0.0001405142174714712,6.486390154470905e-11,9.199071403599316e-11,7.84273077903511e-11,7577.51766090349,single_sweep_Temp_A
NAND,A,Temp,1.0,1.5e-14,2e-07,2.0,11.11111,0.0001876474052117177,0.0001354860627844626,6.689461367094073e-11,9.870024878669412e-11,8.279743122881743e-11,7999.751809547579,single_sweep_Temp_A
NAND,A,Temp,1.0,1.5e-14,2e-07,2.0,26.66667,0.0001754023034240334,0.0001326306737899278,7.083906888930316e-11,1.053987834935932e-10,8.811892619144818e-11,8513.905912217217,single_sweep_Temp_A
NAND,A,Temp,1.0,1.5e-14,2e-07,2.0,42.22222,0.0001640831025321297,0.0001291237857959977,7.283244656452412e-11,1.123469990378399e-10,9.258972280118201e-11,8945.866937312274,single_sweep_Temp_A
NAND,A,Temp,1.0,1.5e-14,2e-07,2.0,57.77778,0.0001537066025939635,0.0001259246897651265,7.42471044808826e-11,1.195381030160945e-10,9.689260374848855e-11,9361.604226907108,single_sweep_Temp_A
NAND,A,Temp,1.0,1.5e-14,2e-07,2.0,73.33333,0.0001441625095819856,0.0001228931951207519,7.561113152128253e-11,1.280999156943384e-10,1.0185552360781046e-10,9841.113392058984,single_sweep_Temp_A
NAND,A,Temp,1.0,1.5e-14,2e-07,2.0,88.88889,0.0001358711080955108,0.0001203451065555044,7.733767627622982e-11,1.374311770217568e-10,1.0738442664899331e-10,10375.306922608052,single_sweep_Temp_A
NAND,A,Temp,1.0,1.5e-14,2e-07,2.0,104.4444,0.0001276680259114666,0.0001177891153538565,7.861823787142802e-11,1.457962239540252e-10,1.1220723091272661e-10,10841.278349055712,single_sweep_Temp_A
NAND,A,Temp,1.0,1.5e-14,2e-07,2.0,120.0,0.0001200524396371037,0.0001157605866703084,7.998307674533012e-11,1.544869857834414e-10,1.1723503126438578e-10,11327.056160810222,single_sweep_Temp_A
NAND,B,Temp,1.0,1.5e-14,2e-07,2.0,-20.0,0.0002147793000729398,0.0001583399016727547,6.688347554954442e-11,8.704088468926077e-11,7.69621801194026e-11,7435.959431826339,single_sweep_Temp_B
NAND,B,Temp,1.0,1.5e-14,2e-07,2.0,-4.444444,0.0002000724077493312,0.0001536148213473179,6.875694014652025e-11,9.360502161711183e-11,8.118098088181604e-11,7843.573032059522,single_sweep_Temp_B
NAND,B,Temp,1.0,1.5e-14,2e-07,2.0,11.11111,0.0001866567915936947,0.0001491814738525099,7.040990103877831e-11,1.004189977877961e-10,8.54144494132872e-11,8252.603808047073,single_sweep_Temp_B
NAND,B,Temp,1.0,1.5e-14,2e-07,2.0,26.66667,0.0001743627579494997,0.0001452001233222335,7.205736314668902e-11,1.072117050298018e-10,8.963453408824541e-11,8660.34145780149,single_sweep_Temp_B
NAND,B,Temp,1.0,1.5e-14,2e-07,2.0,42.22222,0.0001629336315836437,0.0001416683206708038,7.422046279008616e-11,1.150201025007754e-10,9.462028264543078e-11,9142.056294244521,single_sweep_Temp_B
NAND,B,Temp,1.0,1.5e-14,2e-07,2.0,57.77778,0.0001525365427523729,0.0001383368261213916,7.558568686129023e-11,1.228397149578308e-10,9.921270090956052e-11,9585.768203822274,single_sweep_Temp_B
NAND,B,Temp,1.0,1.5e-14,2e-07,2.0,73.33333,0.0001429556150309164,0.0001353826044922751,7.797780842275366e-11,1.308192891926007e-10,1.0439854880767718e-10,10086.816309920501,single_sweep_Temp_B
NAND,B,Temp,1.0,1.5e-14,2e-07,2.0,88.88889,0.0001341126342383174,0.0001325317309468289,7.903738266855836e-11,1.406890078975701e-10,1.0986319528306423e-10,10614.801476624565,single_sweep_Temp_B
NAND,B,Temp,1.0,1.5e-14,2e-07,2.0,104.4444,0.0001259242034889793,0.0001300903552962648,8.145680406843083e-11,1.493482456207337e-10,1.1540252484458226e-10,11150.002400442732,single_sweep_Temp_B
NAND,B,Temp,1.0,1.5e-14,2e-07,2.0,120.0,0.0001183047481655403,0.0001277114156723125,8.283893287392746e-11,1.581534074665191e-10,1.2049617017022327e-10,11642.142045432201,single_sweep_Temp_B
