TpHL__A (VDD=0.9,CL=2e-14,Wn=2e-07,K=2) X,TpHL__A (VDD=0.9,CL=2e-14,Wn=2e-07,K=2) Y,TpHL__A (VDD=1,CL=2e-14,Wn=2e-07,K=2) X,TpHL__A (VDD=1,CL=2e-14,Wn=2e-07,K=2) Y,TpHL__A (VDD=1.1,CL=2e-14,Wn=2e-07,K=2) X,TpHL__A (VDD=1.1,CL=2e-14,Wn=2e-07,K=2) Y,TpHL__A (VDD=1.2,CL=2e-14,Wn=2e-07,K=2) X,TpHL__A (VDD=1.2,CL=2e-14,Wn=2e-07,K=2) Y,TpHL__A (VDD=1.3,CL=2e-14,Wn=2e-07,K=2) X,TpHL__A (VDD=1.3,CL=2e-14,Wn=2e-07,K=2) Y
-20,1.309296748172973e-10,-20,1.177584127919417e-10,-20,1.069730919413834e-10,-20,1.00871297390671e-10,-20,9.532572556682572e-11
-4.444444,1.410065497552048e-10,-4.444444,1.267167018493169e-10,-4.444444,1.148275417096338e-10,-4.444444,1.083886237631072e-10,-4.444444,1.02274624272374e-10
11.11111,1.517447577443139e-10,11.11111,1.356904587236967e-10,11.11111,1.241768622100057e-10,11.11111,1.157556729331258e-10,11.11111,1.095615331185943e-10
26.66667,1.627481301225516e-10,26.66667,1.456002986389373e-10,26.66667,1.331686865486117e-10,26.66667,1.240952062273438e-10,26.66667,1.169503773718633e-10
42.22222,1.746761841032869e-10,42.22222,1.561165719731991e-10,42.22222,1.424800612698682e-10,42.22222,1.3189170865391e-10,42.22222,1.248762364285095e-10
57.77778,1.870513068174556e-10,57.77778,1.671411202975293e-10,57.77778,1.528011639968506e-10,57.77778,1.419699283577756e-10,57.77778,1.33065140829848e-10
73.33333,1.99901077018011e-10,73.33333,1.786859781583062e-10,73.33333,1.630883969141295e-10,73.33333,1.517394453265759e-10,73.33333,1.422364185096864e-10
88.88889,2.138260056275168e-10,88.88889,1.903300815045357e-10,88.88889,1.74232696853741e-10,88.88889,1.616106077325555e-10,88.88889,1.512873672076503e-10
104.4444,2.277818831520386e-10,104.4444,2.024684631732884e-10,104.4444,1.855093566312496e-10,104.4444,1.719908408624578e-10,104.4444,1.613259568041208e-10
120,2.433947675604639e-10,120,2.166506175010795e-10,120,1.974480403627434e-10,120,1.825530857085248e-10,120,1.715427442967936e-10
