TpLH_A (VDD=0.9,CL=2e-14,Wn=2e-07,K=2) X,TpLH_A (VDD=0.9,CL=2e-14,Wn=2e-07,K=2) Y,TpLH_A (VDD=1,CL=2e-14,Wn=2e-07,K=2) X,TpLH_A (VDD=1,CL=2e-14,Wn=2e-07,K=2) Y,TpLH_A (VDD=1.1,CL=2e-14,Wn=2e-07,K=2) X,TpLH_A (VDD=1.1,CL=2e-14,Wn=2e-07,K=2) Y,TpLH_A (VDD=1.2,CL=2e-14,Wn=2e-07,K=2) X,TpLH_A (VDD=1.2,CL=2e-14,Wn=2e-07,K=2) Y,TpLH_A (VDD=1.3,CL=2e-14,Wn=2e-07,K=2) X,TpLH_A (VDD=1.3,CL=2e-14,Wn=2e-07,K=2) Y
-20,1.694042397069995e-10,-20,1.488829237427848e-10,-20,1.338552038807926e-10,-20,1.23877140716665e-10,-20,1.15814543725515e-10
-4.444444,1.776276448507734e-10,-4.444444,1.547596465382035e-10,-4.444444,1.399070404107029e-10,-4.444444,1.290976057653682e-10,-4.444444,1.209363569083381e-10
11.11111,1.82535101549654e-10,11.11111,1.611848300272079e-10,11.11111,1.453742582869307e-10,11.11111,1.339945160187348e-10,11.11111,1.244732739791871e-10
26.66667,1.889116233338349e-10,26.66667,1.660623996728609e-10,26.66667,1.493421006600786e-10,26.66667,1.383094529333441e-10,26.66667,1.290559526397326e-10
42.22222,1.9558358000791e-10,42.22222,1.7164676977926e-10,42.22222,1.546119669303572e-10,42.22222,1.422137849031515e-10,42.22222,1.32438422693674e-10
57.77778,2.010098415462421e-10,57.77778,1.767591856434081e-10,57.77778,1.59891775012421e-10,57.77778,1.466358260200205e-10,57.77778,1.351766635470757e-10
73.33333,2.084651019365819e-10,73.33333,1.81595722540238e-10,73.33333,1.632194581126653e-10,73.33333,1.503733818787252e-10,73.33333,1.40053372497279e-10
88.88889,2.142066114361177e-10,88.88889,1.876584862025009e-10,88.88889,1.674014894895943e-10,88.88889,1.531392220996582e-10,88.88889,1.435898064890113e-10
104.4444,2.178191667924994e-10,104.4444,1.91284730672894e-10,104.4444,1.732446150657386e-10,104.4444,1.580693012778107e-10,104.4444,1.466914285271363e-10
120,2.239450842610859e-10,120,1.976702723302277e-10,120,1.771527593237826e-10,120,1.612483518866376e-10,120,1.485881120936664e-10
